"","samples"
"E-MTAB-1841","E-MTAB-184__92"
"E-MTAB-1842","E-MTAB-184__93"
"E-MTAB-1843","E-MTAB-184__95"
"E-MTAB-1844","E-MTAB-184__96"
"E-MTAB-1845","E-MTAB-184__100"
"E-MTAB-1846","E-MTAB-184__101"
"E-MTAB-1847","E-MTAB-184__103"
"E-MTAB-1848","E-MTAB-184__107"
"E-MTAB-1849","E-MTAB-184__108"
"E-MTAB-18410","E-MTAB-184__114"
"E-MTAB-18411","E-MTAB-184__115"
"E-MTAB-18412","E-MTAB-184__116"
"E-MTAB-18413","E-MTAB-184__117"
"E-MTAB-18414","E-MTAB-184__121"
"E-MTAB-18415","E-MTAB-184__123"
"E-MTAB-18416","E-MTAB-184__124"
"E-MTAB-18417","E-MTAB-184__125"
"E-MTAB-18418","E-MTAB-184__126"
"E-MTAB-18419","E-MTAB-184__129"
"E-MTAB-18420","E-MTAB-184__130"
"E-MTAB-18421","E-MTAB-184__132"
"E-MTAB-18422","E-MTAB-184__133"
"E-MTAB-18423","E-MTAB-184__135"
"E-MTAB-18424","E-MTAB-184__137"
"E-MTAB-18425","E-MTAB-184__139"
"E-MTAB-18426","E-MTAB-184__141"
"E-MTAB-18427","E-MTAB-184__143"
"E-MTAB-18428","E-MTAB-184__148"
"E-MTAB-18429","E-MTAB-184__149"
"E-MTAB-18430","E-MTAB-184__151"
"E-MTAB-18431","E-MTAB-184__152"
"E-MTAB-18432","E-MTAB-184__154"
"E-MTAB-18433","E-MTAB-184__156"
"E-MTAB-18434","E-MTAB-184__159"
"E-MTAB-18435","E-MTAB-184__160"
"E-MTAB-18436","E-MTAB-184__162"
"E-MTAB-18437","E-MTAB-184__163"
"E-MTAB-18438","E-MTAB-184__168"
"E-MTAB-29671","E-MTAB-2967__12"
"E-MTAB-29672","E-MTAB-2967__14"
"E-MTAB-29673","E-MTAB-2967__24"
"E-MTAB-29674","E-MTAB-2967__26"
"E-MTAB-29675","E-MTAB-2967__28"
"E-MTAB-29676","E-MTAB-2967__32"
"E-MTAB-29677","E-MTAB-2967__34"
"E-MTAB-29678","E-MTAB-2967__36"
"E-MTAB-29679","E-MTAB-2967__38"
"E-MTAB-296710","E-MTAB-2967__40"
"E-MTAB-296711","E-MTAB-2967__42"
"E-MTAB-296712","E-MTAB-2967__48"
"E-MTAB-296713","E-MTAB-2967__56"
"E-MTAB-296714","E-MTAB-2967__58"
"E-MTAB-7604__rnaseq1","E-MTAB-7604__2"
"E-MTAB-7604__rnaseq2","E-MTAB-7604__20"
"E-MTAB-7604__rnaseq3","E-MTAB-7604__3"
"E-MTAB-7604__rnaseq4","E-MTAB-7604__21"
"E-MTAB-7604__rnaseq5","E-MTAB-7604__22"
"E-MTAB-7604__rnaseq6","E-MTAB-7604__23"
"E-MTAB-7604__rnaseq7","E-MTAB-7604__25"
"E-MTAB-7604__rnaseq8","E-MTAB-7604__26"
"E-MTAB-7604__rnaseq9","E-MTAB-7604__11"
"E-MTAB-7604__rnaseq10","E-MTAB-7604__28"
"E-MTAB-7604__rnaseq11","E-MTAB-7604__29"
"E-MTAB-7604__rnaseq12","E-MTAB-7604__4"
"E-MTAB-7604__rnaseq13","E-MTAB-7604__32"
"E-MTAB-7604__rnaseq14","E-MTAB-7604__33"
"E-MTAB-7604__rnaseq15","E-MTAB-7604__35"
"E-MTAB-7604__rnaseq16","E-MTAB-7604__12"
"E-MTAB-7604__rnaseq17","E-MTAB-7604__39"
"E-MTAB-7604__rnaseq18","E-MTAB-7604__40"
"E-MTAB-7604__rnaseq19","E-MTAB-7604__42"
"E-MTAB-7604__rnaseq20","E-MTAB-7604__44"
"E-MTAB-7604__rnaseq21","E-MTAB-7604__6"
"E-MTAB-7604__rnaseq22","E-MTAB-7604__13"
"E-MTAB-7604__rnaseq23","E-MTAB-7604__9"
"E-MTAB-7604__rnaseq24","E-MTAB-7604__10"
"E-MTAB-7604__rnaseq25","E-MTAB-7604__16"
"E-MTAB-7604__rnaseq26","E-MTAB-7604__17"
"E-MTAB-7604__rnaseq27","E-MTAB-7604__18"
"E-MTAB-7845__rnaseq1","E-MTAB-7845__1"
"E-MTAB-7845__rnaseq2","E-MTAB-7845__2"
"E-MTAB-7845__rnaseq3","E-MTAB-7845__19"
"E-MTAB-7845__rnaseq4","E-MTAB-7845__3"
"E-MTAB-7845__rnaseq5","E-MTAB-7845__22"
"E-MTAB-7845__rnaseq6","E-MTAB-7845__23"
"E-MTAB-7845__rnaseq7","E-MTAB-7845__24"
"E-MTAB-7845__rnaseq8","E-MTAB-7845__11"
"E-MTAB-7845__rnaseq9","E-MTAB-7845__28"
"E-MTAB-7845__rnaseq10","E-MTAB-7845__29"
"E-MTAB-7845__rnaseq11","E-MTAB-7845__31"
"E-MTAB-7845__rnaseq12","E-MTAB-7845__33"
"E-MTAB-7845__rnaseq13","E-MTAB-7845__35"
"E-MTAB-7845__rnaseq14","E-MTAB-7845__12"
"E-MTAB-7845__rnaseq15","E-MTAB-7845__37"
"E-MTAB-7845__rnaseq16","E-MTAB-7845__38"
"E-MTAB-7845__rnaseq17","E-MTAB-7845__5"
"E-MTAB-7845__rnaseq18","E-MTAB-7845__43"
"E-MTAB-7845__rnaseq19","E-MTAB-7845__44"
"E-MTAB-7845__rnaseq20","E-MTAB-7845__46"
"E-MTAB-7845__rnaseq21","E-MTAB-7845__47"
"E-MTAB-7845__rnaseq22","E-MTAB-7845__6"
"E-MTAB-7845__rnaseq23","E-MTAB-7845__7"
"E-MTAB-7845__rnaseq24","E-MTAB-7845__8"
"E-MTAB-7845__rnaseq25","E-MTAB-7845__9"
"E-MTAB-7845__rnaseq26","E-MTAB-7845__10"
"E-MTAB-7845__rnaseq27","E-MTAB-7845__18"
"GSE16879__GPL5701","GSM364634"
"GSE16879__GPL5702","GSM364635"
"GSE16879__GPL5703","GSM364636"
"GSE16879__GPL5704","GSM364637"
"GSE16879__GPL5705","GSM364638"
"GSE16879__GPL5706","GSM364639"
"GSE16879__GPL5707","GSM364640"
"GSE16879__GPL5708","GSM364641"
"GSE16879__GPL5709","GSM364642"
"GSE16879__GPL57010","GSM364643"
"GSE16879__GPL57011","GSM364644"
"GSE16879__GPL57012","GSM364645"
"GSE16879__GPL57013","GSM364646"
"GSE16879__GPL57014","GSM364647"
"GSE16879__GPL57015","GSM364648"
"GSE16879__GPL57016","GSM364649"
"GSE16879__GPL57017","GSM364650"
"GSE16879__GPL57018","GSM364651"
"GSE16879__GPL57019","GSM364652"
"GSE16879__GPL57020","GSM364653"
"GSE16879__GPL57021","GSM364654"
"GSE16879__GPL57022","GSM364655"
"GSE16879__GPL57023","GSM364656"
"GSE174159__rnaseq1","SRR14480123"
"GSE174159__rnaseq2","SRR14480124"
"GSE174159__rnaseq3","SRR14480125"
"GSE174159__rnaseq4","SRR14480126"
"GSE174159__rnaseq5","SRR14480127"
"GSE174159__rnaseq6","SRR14480128"
"GSE174159__rnaseq7","SRR14480129"
"GSE174159__rnaseq8","SRR14480136"
"GSE174159__rnaseq9","SRR14480137"
"GSE174159__rnaseq10","SRR14480138"
"GSE174159__rnaseq11","SRR14480139"
"GSE174159__rnaseq12","SRR14480140"
"GSE174159__rnaseq13","SRR14480141"
"GSE193677__GPL167911","SRR18509156"
"GSE193677__GPL167912","SRR18509213"
"GSE193677__GPL167913","SRR18509261"
"GSE193677__GPL167914","SRR18509262"
"GSE193677__GPL167915","SRR18509272"
"GSE193677__GPL167916","SRR18509402"
"GSE193677__GPL167917","SRR18509424"
"GSE193677__GPL167918","SRR18509447"
"GSE193677__GPL167919","SRR18509571"
"GSE193677__GPL1679110","SRR18509603"
"GSE193677__GPL1679111","SRR18509605"
"GSE193677__GPL1679112","SRR18509763"
"GSE193677__GPL1679113","SRR18509778"
"GSE193677__GPL1679114","SRR18509797"
"GSE193677__GPL1679115","SRR18509949"
"GSE193677__GPL1679116","SRR18509950"
"GSE193677__GPL1679117","SRR18509972"
"GSE193677__GPL1679118","SRR18510047"
"GSE193677__GPL1679119","SRR18510049"
"GSE193677__GPL1679120","SRR18510085"
"GSE193677__GPL1679121","SRR18510128"
"GSE193677__GPL1679122","SRR18510155"
"GSE193677__GPL1679123","SRR18510156"
"GSE193677__GPL1679124","SRR18510157"
"GSE193677__GPL1679125","SRR18510161"
"GSE193677__GPL1679126","SRR18510162"
"GSE193677__GPL1679127","SRR18510190"
"GSE193677__GPL1679128","SRR18510191"
"GSE193677__GPL1679129","SRR18510238"
"GSE193677__GPL1679130","SRR18510248"
"GSE193677__GPL1679131","SRR18510297"
"GSE193677__GPL1679132","SRR18510374"
"GSE193677__GPL1679133","SRR18510402"
"GSE193677__GPL1679134","SRR18510436"
"GSE193677__GPL1679135","SRR18510477"
"GSE193677__GPL1679136","SRR18510584"
"GSE193677__GPL1679137","SRR18510656"
"GSE193677__GPL1679138","SRR18510740"
"GSE193677__GPL1679139","SRR18510792"
"GSE193677__GPL1679140","SRR18510793"
"GSE193677__GPL1679141","SRR18510836"
"GSE193677__GPL1679142","SRR18511069"
"GSE193677__GPL1679143","SRR18511070"
"GSE193677__GPL1679144","SRR18511110"
"GSE193677__GPL1679145","SRR18511132"
"GSE193677__GPL1679146","SRR18511210"
"GSE193677__GPL1679147","SRR18511211"
"GSE193677__GPL1679148","SRR18511240"
"GSE193677__GPL1679149","SRR18511241"
"GSE193677__GPL1679150","SRR18511271"
"GSE193677__GPL1679151","SRR18511306"
"GSE193677__GPL1679152","SRR18511320"
"GSE193677__GPL1679153","SRR18511368"
"GSE193677__GPL1679154","SRR18511395"
"GSE193677__GPL1679155","SRR18511406"
"GSE193677__GPL1679156","SRR18511428"
"GSE206171__GPL136671","GSM6245293"
"GSE206171__GPL136672","GSM6245294"
"GSE206171__GPL136673","GSM6245299"
"GSE206171__GPL136674","GSM6245300"
"GSE206171__GPL136675","GSM6245301"
"GSE206171__GPL136676","GSM6245302"
"GSE206171__GPL136677","GSM6245303"
"GSE206171__GPL136678","GSM6245304"
"GSE206171__GPL136679","GSM6245305"
"GSE206171__GPL1366710","GSM6245306"
"GSE206171__GPL1366711","GSM6245309"
"GSE206171__GPL1366712","GSM6245310"
"GSE206171__GPL1366713","GSM6245311"
"GSE206171__GPL1366714","GSM6245312"
"GSE206171__GPL1366715","GSM6245317"
"GSE206171__GPL1366716","GSM6245319"
"GSE206171__GPL1366717","GSM6245320"
"GSE206171__GPL1366718","GSM6245325"
"GSE206171__GPL1366719","GSM6245326"
"GSE206171__GPL1366720","GSM6245327"
"GSE206171__GPL1366721","GSM6245328"
"GSE206171__GPL1366722","GSM6245331"
"GSE206171__GPL1366723","GSM6245332"
"GSE206171__GPL1366724","GSM6245333"
"GSE206171__GPL1366725","GSM6245334"
"GSE206171__GPL1366726","GSM6245335"
"GSE206171__GPL1366727","GSM6245336"
"GSE206171__GPL1366728","GSM6245337"
"GSE206171__GPL1366729","GSM6245338"
"GSE206171__GPL1366730","GSM6245339"
"GSE206171__GPL1366731","GSM6245340"
"GSE206171__GPL1366732","GSM6245341"
"GSE206171__GPL1366733","GSM6245348"
"GSE206171__GPL1366734","GSM6245349"
"GSE206171__GPL1366735","GSM6245350"
"GSE206171__GPL1366736","GSM6245351"
"GSE206171__GPL1366737","GSM6245356"
"GSE206171__GPL1366738","GSM6245357"
"GSE206171__GPL1366739","GSM6245360"
"GSE206171__GPL1366740","GSM6245361"
"GSE206171__GPL1366741","GSM6245366"
"GSE206171__GPL1366742","GSM6245367"
"GSE206171__GPL1366743","GSM6245370"
"GSE206171__GPL1366744","GSM6245371"
"GSE206171__GPL1366745","GSM6245374"
"GSE206171__GPL1366746","GSM6245381"
"GSE206171__GPL1366747","GSM6245382"
"GSE206171__GPL1366748","GSM6245387"
"GSE206171__GPL1366749","GSM6245388"
"GSE206171__GPL1366750","GSM6245391"
"GSE206171__GPL1366751","GSM6245392"
"GSE206171__GPL1366752","GSM6245397"
"GSE206171__GPL1366753","GSM6245398"
"GSE206171__GPL1366754","GSM6245399"
"GSE206171__GPL1366755","GSM6245400"
"GSE206171__GPL1366756","GSM6245401"
"GSE206171__GPL1366757","GSM6245402"
"GSE206171__GPL1366758","GSM6245403"
"GSE206171__GPL1366759","GSM6245404"
"GSE206171__GPL1366760","GSM6245405"
"GSE206171__GPL1366761","GSM6245406"
"GSE206171__GPL1366762","GSM6245407"
"GSE206171__GPL1366763","GSM6245408"
"GSE206171__GPL1366764","GSM6245409"
"GSE206171__GPL1366765","GSM6245410"
"GSE206171__GPL1366766","GSM6245411"
"GSE206171__GPL1366767","GSM6245412"
"GSE206171__GPL1366768","GSM6245413"
"GSE206171__GPL1366769","GSM6245414"
"GSE206171__GPL1366770","GSM6245419"
"GSE206171__GPL1366771","GSM6245420"
"GSE206171__GPL1366772","GSM6245423"
"GSE206171__GPL1366773","GSM6245424"
"GSE206171__GPL1366774","GSM6245427"
"GSE206171__GPL1366775","GSM6245428"
"GSE206171__GPL1366776","GSM6245429"
"GSE206171__GPL1366777","GSM6245430"
"GSE206171__GPL1366778","GSM6245435"
"GSE206171__GPL1366779","GSM6245436"
"GSE206171__GPL1366780","GSM6245439"
"GSE206171__GPL1366781","GSM6245440"
"GSE206285__GPL131581","GSM6249277"
"GSE206285__GPL131582","GSM6249278"
"GSE206285__GPL131583","GSM6249279"
"GSE206285__GPL131584","GSM6249280"
"GSE206285__GPL131585","GSM6249281"
"GSE206285__GPL131586","GSM6249282"
"GSE206285__GPL131587","GSM6249283"
"GSE206285__GPL131588","GSM6249284"
"GSE206285__GPL131589","GSM6249285"
"GSE206285__GPL1315810","GSM6249286"
"GSE206285__GPL1315811","GSM6249287"
"GSE206285__GPL1315812","GSM6249288"
"GSE206285__GPL1315813","GSM6249289"
"GSE206285__GPL1315814","GSM6249290"
"GSE206285__GPL1315815","GSM6249291"
"GSE206285__GPL1315816","GSM6249292"
"GSE206285__GPL1315817","GSM6249293"
"GSE206285__GPL1315818","GSM6249294"
"GSE206285__GPL1315819","GSM6249295"
"GSE206285__GPL1315820","GSM6249296"
"GSE206285__GPL1315821","GSM6249297"
"GSE206285__GPL1315822","GSM6249298"
"GSE206285__GPL1315823","GSM6249299"
"GSE206285__GPL1315824","GSM6249300"
"GSE206285__GPL1315825","GSM6249301"
"GSE206285__GPL1315826","GSM6249302"
"GSE206285__GPL1315827","GSM6249303"
"GSE206285__GPL1315828","GSM6249304"
"GSE206285__GPL1315829","GSM6249305"
"GSE206285__GPL1315830","GSM6249306"
"GSE206285__GPL1315831","GSM6249307"
"GSE206285__GPL1315832","GSM6249308"
"GSE206285__GPL1315833","GSM6249309"
"GSE206285__GPL1315834","GSM6249310"
"GSE206285__GPL1315835","GSM6249311"
"GSE206285__GPL1315836","GSM6249312"
"GSE206285__GPL1315837","GSM6249313"
"GSE206285__GPL1315838","GSM6249314"
"GSE206285__GPL1315839","GSM6249315"
"GSE206285__GPL1315840","GSM6249316"
"GSE206285__GPL1315841","GSM6249317"
"GSE206285__GPL1315842","GSM6249318"
"GSE206285__GPL1315843","GSM6249319"
"GSE206285__GPL1315844","GSM6249320"
"GSE206285__GPL1315845","GSM6249321"
"GSE206285__GPL1315846","GSM6249322"
"GSE206285__GPL1315847","GSM6249323"
"GSE206285__GPL1315848","GSM6249324"
"GSE206285__GPL1315849","GSM6249325"
"GSE206285__GPL1315850","GSM6249326"
"GSE206285__GPL1315851","GSM6249327"
"GSE206285__GPL1315852","GSM6249328"
"GSE206285__GPL1315853","GSM6249329"
"GSE206285__GPL1315854","GSM6249330"
"GSE206285__GPL1315855","GSM6249331"
"GSE206285__GPL1315856","GSM6249332"
"GSE206285__GPL1315857","GSM6249333"
"GSE206285__GPL1315858","GSM6249334"
"GSE206285__GPL1315859","GSM6249335"
"GSE206285__GPL1315860","GSM6249336"
"GSE206285__GPL1315861","GSM6249337"
"GSE206285__GPL1315862","GSM6249338"
"GSE206285__GPL1315863","GSM6249339"
"GSE206285__GPL1315864","GSM6249340"
"GSE206285__GPL1315865","GSM6249341"
"GSE206285__GPL1315866","GSM6249342"
"GSE206285__GPL1315867","GSM6249343"
"GSE206285__GPL1315868","GSM6249344"
"GSE206285__GPL1315869","GSM6249345"
"GSE206285__GPL1315870","GSM6249346"
"GSE206285__GPL1315871","GSM6249347"
"GSE206285__GPL1315872","GSM6249348"
"GSE206285__GPL1315873","GSM6249349"
"GSE206285__GPL1315874","GSM6249350"
"GSE206285__GPL1315875","GSM6249351"
"GSE206285__GPL1315876","GSM6249352"
"GSE206285__GPL1315877","GSM6249353"
"GSE206285__GPL1315878","GSM6249354"
"GSE206285__GPL1315879","GSM6249355"
"GSE206285__GPL1315880","GSM6249356"
"GSE206285__GPL1315881","GSM6249357"
"GSE206285__GPL1315882","GSM6249358"
"GSE206285__GPL1315883","GSM6249359"
"GSE206285__GPL1315884","GSM6249360"
"GSE206285__GPL1315885","GSM6249361"
"GSE206285__GPL1315886","GSM6249362"
"GSE206285__GPL1315887","GSM6249363"
"GSE206285__GPL1315888","GSM6249364"
"GSE206285__GPL1315889","GSM6249365"
"GSE206285__GPL1315890","GSM6249366"
"GSE206285__GPL1315891","GSM6249367"
"GSE206285__GPL1315892","GSM6249368"
"GSE206285__GPL1315893","GSM6249369"
"GSE206285__GPL1315894","GSM6249370"
"GSE206285__GPL1315895","GSM6249371"
"GSE206285__GPL1315896","GSM6249372"
"GSE206285__GPL1315897","GSM6249373"
"GSE206285__GPL1315898","GSM6249374"
"GSE206285__GPL1315899","GSM6249375"
"GSE206285__GPL13158100","GSM6249376"
"GSE206285__GPL13158101","GSM6249377"
"GSE206285__GPL13158102","GSM6249378"
"GSE206285__GPL13158103","GSM6249379"
"GSE206285__GPL13158104","GSM6249380"
"GSE206285__GPL13158105","GSM6249381"
"GSE206285__GPL13158106","GSM6249382"
"GSE206285__GPL13158107","GSM6249383"
"GSE206285__GPL13158108","GSM6249384"
"GSE206285__GPL13158109","GSM6249385"
"GSE206285__GPL13158110","GSM6249386"
"GSE206285__GPL13158111","GSM6249387"
"GSE206285__GPL13158112","GSM6249388"
"GSE206285__GPL13158113","GSM6249389"
"GSE206285__GPL13158114","GSM6249390"
"GSE206285__GPL13158115","GSM6249391"
"GSE206285__GPL13158116","GSM6249392"
"GSE206285__GPL13158117","GSM6249393"
"GSE206285__GPL13158118","GSM6249394"
"GSE206285__GPL13158119","GSM6249395"
"GSE206285__GPL13158120","GSM6249396"
"GSE206285__GPL13158121","GSM6249397"
"GSE206285__GPL13158122","GSM6249398"
"GSE206285__GPL13158123","GSM6249399"
"GSE206285__GPL13158124","GSM6249400"
"GSE206285__GPL13158125","GSM6249401"
"GSE206285__GPL13158126","GSM6249402"
"GSE206285__GPL13158127","GSM6249403"
"GSE206285__GPL13158128","GSM6249404"
"GSE206285__GPL13158129","GSM6249405"
"GSE206285__GPL13158130","GSM6249406"
"GSE206285__GPL13158131","GSM6249407"
"GSE206285__GPL13158132","GSM6249408"
"GSE206285__GPL13158133","GSM6249409"
"GSE206285__GPL13158134","GSM6249410"
"GSE206285__GPL13158135","GSM6249411"
"GSE206285__GPL13158136","GSM6249412"
"GSE206285__GPL13158137","GSM6249413"
"GSE206285__GPL13158138","GSM6249414"
"GSE206285__GPL13158139","GSM6249415"
"GSE206285__GPL13158140","GSM6249416"
"GSE206285__GPL13158141","GSM6249417"
"GSE206285__GPL13158142","GSM6249418"
"GSE206285__GPL13158143","GSM6249419"
"GSE206285__GPL13158144","GSM6249420"
"GSE206285__GPL13158145","GSM6249421"
"GSE206285__GPL13158146","GSM6249422"
"GSE206285__GPL13158147","GSM6249423"
"GSE206285__GPL13158148","GSM6249424"
"GSE206285__GPL13158149","GSM6249425"
"GSE206285__GPL13158150","GSM6249426"
"GSE206285__GPL13158151","GSM6249427"
"GSE206285__GPL13158152","GSM6249428"
"GSE206285__GPL13158153","GSM6249429"
"GSE206285__GPL13158154","GSM6249430"
"GSE206285__GPL13158155","GSM6249431"
"GSE206285__GPL13158156","GSM6249432"
"GSE206285__GPL13158157","GSM6249433"
"GSE206285__GPL13158158","GSM6249434"
"GSE206285__GPL13158159","GSM6249435"
"GSE206285__GPL13158160","GSM6249436"
"GSE206285__GPL13158161","GSM6249437"
"GSE206285__GPL13158162","GSM6249438"
"GSE206285__GPL13158163","GSM6249439"
"GSE206285__GPL13158164","GSM6249440"
"GSE206285__GPL13158165","GSM6249441"
"GSE206285__GPL13158166","GSM6249442"
"GSE206285__GPL13158167","GSM6249443"
"GSE206285__GPL13158168","GSM6249444"
"GSE206285__GPL13158169","GSM6249445"
"GSE206285__GPL13158170","GSM6249446"
"GSE206285__GPL13158171","GSM6249447"
"GSE206285__GPL13158172","GSM6249448"
"GSE206285__GPL13158173","GSM6249449"
"GSE206285__GPL13158174","GSM6249450"
"GSE206285__GPL13158175","GSM6249451"
"GSE206285__GPL13158176","GSM6249452"
"GSE206285__GPL13158177","GSM6249453"
"GSE206285__GPL13158178","GSM6249454"
"GSE206285__GPL13158179","GSM6249455"
"GSE206285__GPL13158180","GSM6249456"
"GSE206285__GPL13158181","GSM6249457"
"GSE206285__GPL13158182","GSM6249458"
"GSE206285__GPL13158183","GSM6249459"
"GSE206285__GPL13158184","GSM6249460"
"GSE206285__GPL13158185","GSM6249461"
"GSE206285__GPL13158186","GSM6249462"
"GSE206285__GPL13158187","GSM6249463"
"GSE206285__GPL13158188","GSM6249464"
"GSE206285__GPL13158189","GSM6249465"
"GSE206285__GPL13158190","GSM6249466"
"GSE206285__GPL13158191","GSM6249467"
"GSE206285__GPL13158192","GSM6249468"
"GSE206285__GPL13158193","GSM6249469"
"GSE206285__GPL13158194","GSM6249470"
"GSE206285__GPL13158195","GSM6249471"
"GSE206285__GPL13158196","GSM6249472"
"GSE206285__GPL13158197","GSM6249473"
"GSE206285__GPL13158198","GSM6249474"
"GSE206285__GPL13158199","GSM6249475"
"GSE206285__GPL13158200","GSM6249476"
"GSE206285__GPL13158201","GSM6249477"
"GSE206285__GPL13158202","GSM6249478"
"GSE206285__GPL13158203","GSM6249479"
"GSE206285__GPL13158204","GSM6249480"
"GSE206285__GPL13158205","GSM6249481"
"GSE206285__GPL13158206","GSM6249482"
"GSE206285__GPL13158207","GSM6249483"
"GSE206285__GPL13158208","GSM6249484"
"GSE206285__GPL13158209","GSM6249485"
"GSE206285__GPL13158210","GSM6249486"
"GSE206285__GPL13158211","GSM6249487"
"GSE206285__GPL13158212","GSM6249488"
"GSE206285__GPL13158213","GSM6249489"
"GSE206285__GPL13158214","GSM6249490"
"GSE206285__GPL13158215","GSM6249491"
"GSE206285__GPL13158216","GSM6249492"
"GSE206285__GPL13158217","GSM6249493"
"GSE206285__GPL13158218","GSM6249494"
"GSE206285__GPL13158219","GSM6249495"
"GSE206285__GPL13158220","GSM6249496"
"GSE206285__GPL13158221","GSM6249497"
"GSE206285__GPL13158222","GSM6249498"
"GSE206285__GPL13158223","GSM6249499"
"GSE206285__GPL13158224","GSM6249500"
"GSE206285__GPL13158225","GSM6249501"
"GSE206285__GPL13158226","GSM6249502"
"GSE206285__GPL13158227","GSM6249503"
"GSE206285__GPL13158228","GSM6249504"
"GSE206285__GPL13158229","GSM6249505"
"GSE206285__GPL13158230","GSM6249506"
"GSE206285__GPL13158231","GSM6249507"
"GSE206285__GPL13158232","GSM6249508"
"GSE206285__GPL13158233","GSM6249509"
"GSE206285__GPL13158234","GSM6249510"
"GSE206285__GPL13158235","GSM6249511"
"GSE206285__GPL13158236","GSM6249512"
"GSE206285__GPL13158237","GSM6249513"
"GSE206285__GPL13158238","GSM6249514"
"GSE206285__GPL13158239","GSM6249515"
"GSE206285__GPL13158240","GSM6249516"
"GSE206285__GPL13158241","GSM6249517"
"GSE206285__GPL13158242","GSM6249518"
"GSE206285__GPL13158243","GSM6249519"
"GSE206285__GPL13158244","GSM6249520"
"GSE206285__GPL13158245","GSM6249521"
"GSE206285__GPL13158246","GSM6249522"
"GSE206285__GPL13158247","GSM6249523"
"GSE206285__GPL13158248","GSM6249524"
"GSE206285__GPL13158249","GSM6249525"
"GSE206285__GPL13158250","GSM6249526"
"GSE206285__GPL13158251","GSM6249527"
"GSE206285__GPL13158252","GSM6249528"
"GSE206285__GPL13158253","GSM6249529"
"GSE206285__GPL13158254","GSM6249530"
"GSE206285__GPL13158255","GSM6249531"
"GSE206285__GPL13158256","GSM6249532"
"GSE206285__GPL13158257","GSM6249533"
"GSE206285__GPL13158258","GSM6249534"
"GSE206285__GPL13158259","GSM6249535"
"GSE206285__GPL13158260","GSM6249536"
"GSE206285__GPL13158261","GSM6249537"
"GSE206285__GPL13158262","GSM6249538"
"GSE206285__GPL13158263","GSM6249539"
"GSE206285__GPL13158264","GSM6249540"
"GSE206285__GPL13158265","GSM6249541"
"GSE206285__GPL13158266","GSM6249542"
"GSE206285__GPL13158267","GSM6249543"
"GSE206285__GPL13158268","GSM6249544"
"GSE206285__GPL13158269","GSM6249545"
"GSE206285__GPL13158270","GSM6249546"
"GSE206285__GPL13158271","GSM6249547"
"GSE206285__GPL13158272","GSM6249548"
"GSE206285__GPL13158273","GSM6249549"
"GSE206285__GPL13158274","GSM6249550"
"GSE206285__GPL13158275","GSM6249551"
"GSE206285__GPL13158276","GSM6249552"
"GSE206285__GPL13158277","GSM6249553"
"GSE206285__GPL13158278","GSM6249554"
"GSE206285__GPL13158279","GSM6249555"
"GSE206285__GPL13158280","GSM6249556"
"GSE206285__GPL13158281","GSM6249557"
"GSE206285__GPL13158282","GSM6249558"
"GSE206285__GPL13158283","GSM6249559"
"GSE206285__GPL13158284","GSM6249560"
"GSE206285__GPL13158285","GSM6249561"
"GSE206285__GPL13158286","GSM6249562"
"GSE206285__GPL13158287","GSM6249563"
"GSE206285__GPL13158288","GSM6249564"
"GSE206285__GPL13158289","GSM6249565"
"GSE206285__GPL13158290","GSM6249566"
"GSE206285__GPL13158291","GSM6249567"
"GSE206285__GPL13158292","GSM6249568"
"GSE206285__GPL13158293","GSM6249569"
"GSE206285__GPL13158294","GSM6249570"
"GSE206285__GPL13158295","GSM6249571"
"GSE206285__GPL13158296","GSM6249572"
"GSE206285__GPL13158297","GSM6249573"
"GSE206285__GPL13158298","GSM6249574"
"GSE206285__GPL13158299","GSM6249575"
"GSE206285__GPL13158300","GSM6249576"
"GSE206285__GPL13158301","GSM6249577"
"GSE206285__GPL13158302","GSM6249578"
"GSE206285__GPL13158303","GSM6249579"
"GSE206285__GPL13158304","GSM6249580"
"GSE206285__GPL13158305","GSM6249581"
"GSE206285__GPL13158306","GSM6249582"
"GSE206285__GPL13158307","GSM6249583"
"GSE206285__GPL13158308","GSM6249584"
"GSE206285__GPL13158309","GSM6249585"
"GSE206285__GPL13158310","GSM6249586"
"GSE206285__GPL13158311","GSM6249587"
"GSE206285__GPL13158312","GSM6249588"
"GSE206285__GPL13158313","GSM6249589"
"GSE206285__GPL13158314","GSM6249590"
"GSE206285__GPL13158315","GSM6249591"
"GSE206285__GPL13158316","GSM6249592"
"GSE206285__GPL13158317","GSM6249593"
"GSE206285__GPL13158318","GSM6249594"
"GSE206285__GPL13158319","GSM6249595"
"GSE206285__GPL13158320","GSM6249596"
"GSE206285__GPL13158321","GSM6249597"
"GSE206285__GPL13158322","GSM6249598"
"GSE206285__GPL13158323","GSM6249599"
"GSE206285__GPL13158324","GSM6249600"
"GSE206285__GPL13158325","GSM6249601"
"GSE206285__GPL13158326","GSM6249602"
"GSE206285__GPL13158327","GSM6249603"
"GSE206285__GPL13158328","GSM6249604"
"GSE206285__GPL13158329","GSM6249605"
"GSE206285__GPL13158330","GSM6249606"
"GSE206285__GPL13158331","GSM6249607"
"GSE206285__GPL13158332","GSM6249608"
"GSE206285__GPL13158333","GSM6249609"
"GSE206285__GPL13158334","GSM6249610"
"GSE206285__GPL13158335","GSM6249611"
"GSE206285__GPL13158336","GSM6249612"
"GSE206285__GPL13158337","GSM6249613"
"GSE206285__GPL13158338","GSM6249614"
"GSE206285__GPL13158339","GSM6249615"
"GSE206285__GPL13158340","GSM6249616"
"GSE206285__GPL13158341","GSM6249617"
"GSE206285__GPL13158342","GSM6249618"
"GSE206285__GPL13158343","GSM6249619"
"GSE206285__GPL13158344","GSM6249620"
"GSE206285__GPL13158345","GSM6249621"
"GSE206285__GPL13158346","GSM6249622"
"GSE206285__GPL13158347","GSM6249623"
"GSE206285__GPL13158348","GSM6249624"
"GSE206285__GPL13158349","GSM6249625"
"GSE206285__GPL13158350","GSM6249626"
"GSE206285__GPL13158351","GSM6249627"
"GSE206285__GPL13158352","GSM6249628"
"GSE206285__GPL13158353","GSM6249629"
"GSE206285__GPL13158354","GSM6249630"
"GSE206285__GPL13158355","GSM6249631"
"GSE206285__GPL13158356","GSM6249632"
"GSE206285__GPL13158357","GSM6249633"
"GSE206285__GPL13158358","GSM6249634"
"GSE206285__GPL13158359","GSM6249635"
"GSE206285__GPL13158360","GSM6249636"
"GSE206285__GPL13158361","GSM6249637"
"GSE206285__GPL13158362","GSM6249638"
"GSE206285__GPL13158363","GSM6249639"
"GSE206285__GPL13158364","GSM6249640"
"GSE206285__GPL13158365","GSM6249641"
"GSE206285__GPL13158366","GSM6249642"
"GSE206285__GPL13158367","GSM6249643"
"GSE206285__GPL13158368","GSM6249644"
"GSE206285__GPL13158369","GSM6249645"
"GSE206285__GPL13158370","GSM6249646"
"GSE206285__GPL13158371","GSM6249647"
"GSE206285__GPL13158372","GSM6249648"
"GSE206285__GPL13158373","GSM6249649"
"GSE206285__GPL13158374","GSM6249650"
"GSE206285__GPL13158375","GSM6249651"
"GSE206285__GPL13158376","GSM6249652"
"GSE206285__GPL13158377","GSM6249653"
"GSE206285__GPL13158378","GSM6249654"
"GSE206285__GPL13158379","GSM6249655"
"GSE206285__GPL13158380","GSM6249656"
"GSE206285__GPL13158381","GSM6249657"
"GSE206285__GPL13158382","GSM6249658"
"GSE206285__GPL13158383","GSM6249659"
"GSE206285__GPL13158384","GSM6249660"
"GSE206285__GPL13158385","GSM6249661"
"GSE206285__GPL13158386","GSM6249662"
"GSE206285__GPL13158387","GSM6249663"
"GSE206285__GPL13158388","GSM6249664"
"GSE206285__GPL13158389","GSM6249665"
"GSE206285__GPL13158390","GSM6249666"
"GSE206285__GPL13158391","GSM6249667"
"GSE206285__GPL13158392","GSM6249668"
"GSE206285__GPL13158393","GSM6249669"
"GSE206285__GPL13158394","GSM6249670"
"GSE206285__GPL13158395","GSM6249671"
"GSE206285__GPL13158396","GSM6249672"
"GSE206285__GPL13158397","GSM6249673"
"GSE206285__GPL13158398","GSM6249674"
"GSE206285__GPL13158399","GSM6249675"
"GSE206285__GPL13158400","GSM6249676"
"GSE206285__GPL13158401","GSM6249677"
"GSE206285__GPL13158402","GSM6249678"
"GSE206285__GPL13158403","GSM6249679"
"GSE206285__GPL13158404","GSM6249680"
"GSE206285__GPL13158405","GSM6249681"
"GSE206285__GPL13158406","GSM6249682"
"GSE206285__GPL13158407","GSM6249683"
"GSE206285__GPL13158408","GSM6249684"
"GSE206285__GPL13158409","GSM6249685"
"GSE206285__GPL13158410","GSM6249686"
"GSE206285__GPL13158411","GSM6249687"
"GSE206285__GPL13158412","GSM6249688"
"GSE206285__GPL13158413","GSM6249689"
"GSE206285__GPL13158414","GSM6249690"
"GSE206285__GPL13158415","GSM6249691"
"GSE206285__GPL13158416","GSM6249692"
"GSE206285__GPL13158417","GSM6249693"
"GSE206285__GPL13158418","GSM6249694"
"GSE206285__GPL13158419","GSM6249695"
"GSE206285__GPL13158420","GSM6249696"
"GSE206285__GPL13158421","GSM6249697"
"GSE206285__GPL13158422","GSM6249698"
"GSE206285__GPL13158423","GSM6249699"
"GSE206285__GPL13158424","GSM6249700"
"GSE206285__GPL13158425","GSM6249701"
"GSE206285__GPL13158426","GSM6249702"
"GSE206285__GPL13158427","GSM6249703"
"GSE206285__GPL13158428","GSM6249704"
"GSE206285__GPL13158429","GSM6249705"
"GSE206285__GPL13158430","GSM6249706"
"GSE206285__GPL13158431","GSM6249707"
"GSE206285__GPL13158432","GSM6249708"
"GSE206285__GPL13158433","GSM6249709"
"GSE206285__GPL13158434","GSM6249710"
"GSE206285__GPL13158435","GSM6249711"
"GSE206285__GPL13158436","GSM6249712"
"GSE206285__GPL13158437","GSM6249713"
"GSE206285__GPL13158438","GSM6249714"
"GSE206285__GPL13158439","GSM6249715"
"GSE206285__GPL13158440","GSM6249716"
"GSE206285__GPL13158441","GSM6249717"
"GSE206285__GPL13158442","GSM6249718"
"GSE206285__GPL13158443","GSM6249719"
"GSE206285__GPL13158444","GSM6249720"
"GSE206285__GPL13158445","GSM6249721"
"GSE206285__GPL13158446","GSM6249722"
"GSE206285__GPL13158447","GSM6249723"
"GSE206285__GPL13158448","GSM6249724"
"GSE206285__GPL13158449","GSM6249725"
"GSE206285__GPL13158450","GSM6249726"
"GSE206285__GPL13158451","GSM6249727"
"GSE206285__GPL13158452","GSM6249728"
"GSE206285__GPL13158453","GSM6249729"
"GSE206285__GPL13158454","GSM6249730"
"GSE206285__GPL13158455","GSM6249731"
"GSE206285__GPL13158456","GSM6249732"
"GSE206285__GPL13158457","GSM6249733"
"GSE206285__GPL13158458","GSM6249734"
"GSE206285__GPL13158459","GSM6249735"
"GSE206285__GPL13158460","GSM6249736"
"GSE206285__GPL13158461","GSM6249737"
"GSE206285__GPL13158462","GSM6249738"
"GSE206285__GPL13158463","GSM6249739"
"GSE206285__GPL13158464","GSM6249740"
"GSE206285__GPL13158465","GSM6249741"
"GSE206285__GPL13158466","GSM6249742"
"GSE206285__GPL13158467","GSM6249743"
"GSE206285__GPL13158468","GSM6249744"
"GSE206285__GPL13158469","GSM6249745"
"GSE206285__GPL13158470","GSM6249746"
"GSE206285__GPL13158471","GSM6249747"
"GSE206285__GPL13158472","GSM6249748"
"GSE206285__GPL13158473","GSM6249749"
"GSE206285__GPL13158474","GSM6249750"
"GSE206285__GPL13158475","GSM6249751"
"GSE206285__GPL13158476","GSM6249752"
"GSE206285__GPL13158477","GSM6249753"
"GSE206285__GPL13158478","GSM6249754"
"GSE206285__GPL13158479","GSM6249755"
"GSE206285__GPL13158480","GSM6249756"
"GSE206285__GPL13158481","GSM6249757"
"GSE206285__GPL13158482","GSM6249758"
"GSE206285__GPL13158483","GSM6249759"
"GSE206285__GPL13158484","GSM6249760"
"GSE206285__GPL13158485","GSM6249761"
"GSE206285__GPL13158486","GSM6249762"
"GSE206285__GPL13158487","GSM6249763"
"GSE206285__GPL13158488","GSM6249764"
"GSE206285__GPL13158489","GSM6249765"
"GSE206285__GPL13158490","GSM6249766"
"GSE206285__GPL13158491","GSM6249767"
"GSE206285__GPL13158492","GSM6249768"
"GSE206285__GPL13158493","GSM6249769"
"GSE206285__GPL13158494","GSM6249770"
"GSE206285__GPL13158495","GSM6249771"
"GSE206285__GPL13158496","GSM6249772"
"GSE206285__GPL13158497","GSM6249773"
"GSE206285__GPL13158498","GSM6249774"
"GSE206285__GPL13158499","GSM6249775"
"GSE206285__GPL13158500","GSM6249776"
"GSE206285__GPL13158501","GSM6249777"
"GSE206285__GPL13158502","GSM6249778"
"GSE206285__GPL13158503","GSM6249779"
"GSE206285__GPL13158504","GSM6249780"
"GSE206285__GPL13158505","GSM6249781"
"GSE206285__GPL13158506","GSM6249782"
"GSE206285__GPL13158507","GSM6249783"
"GSE206285__GPL13158508","GSM6249784"
"GSE206285__GPL13158509","GSM6249785"
"GSE206285__GPL13158510","GSM6249786"
"GSE206285__GPL13158511","GSM6249787"
"GSE206285__GPL13158512","GSM6249788"
"GSE206285__GPL13158513","GSM6249789"
"GSE206285__GPL13158514","GSM6249790"
"GSE206285__GPL13158515","GSM6249791"
"GSE206285__GPL13158516","GSM6249792"
"GSE206285__GPL13158517","GSM6249793"
"GSE206285__GPL13158518","GSM6249794"
"GSE206285__GPL13158519","GSM6249795"
"GSE206285__GPL13158520","GSM6249796"
"GSE206285__GPL13158521","GSM6249797"
"GSE206285__GPL13158522","GSM6249798"
"GSE206285__GPL13158523","GSM6249799"
"GSE206285__GPL13158524","GSM6249800"
"GSE206285__GPL13158525","GSM6249801"
"GSE206285__GPL13158526","GSM6249802"
"GSE206285__GPL13158527","GSM6249803"
"GSE206285__GPL13158528","GSM6249804"
"GSE206285__GPL13158529","GSM6249805"
"GSE206285__GPL13158530","GSM6249806"
"GSE206285__GPL13158531","GSM6249807"
"GSE206285__GPL13158532","GSM6249808"
"GSE206285__GPL13158533","GSM6249809"
"GSE206285__GPL13158534","GSM6249810"
"GSE206285__GPL13158535","GSM6249811"
"GSE206285__GPL13158536","GSM6249812"
"GSE206285__GPL13158537","GSM6249813"
"GSE206285__GPL13158538","GSM6249814"
"GSE206285__GPL13158539","GSM6249815"
"GSE206285__GPL13158540","GSM6249816"
"GSE206285__GPL13158541","GSM6249817"
"GSE206285__GPL13158542","GSM6249818"
"GSE206285__GPL13158543","GSM6249819"
"GSE206285__GPL13158544","GSM6249820"
"GSE206285__GPL13158545","GSM6249821"
"GSE206285__GPL13158546","GSM6249822"
"GSE206285__GPL13158547","GSM6249823"
"GSE206285__GPL13158548","GSM6249824"
"GSE206285__GPL13158549","GSM6249825"
"GSE206285__GPL13158550","GSM6249826"
"GSE23597__GPL5701","GSM578713"
"GSE23597__GPL5702","GSM578714"
"GSE23597__GPL5703","GSM578715"
"GSE23597__GPL5704","GSM578716"
"GSE23597__GPL5705","GSM578717"
"GSE23597__GPL5706","GSM578718"
"GSE23597__GPL5707","GSM578719"
"GSE23597__GPL5708","GSM578720"
"GSE23597__GPL5709","GSM578721"
"GSE23597__GPL57010","GSM578722"
"GSE23597__GPL57011","GSM578723"
"GSE23597__GPL57012","GSM578724"
"GSE23597__GPL57013","GSM578725"
"GSE23597__GPL57014","GSM578726"
"GSE23597__GPL57015","GSM578727"
"GSE23597__GPL57016","GSM578728"
"GSE23597__GPL57017","GSM578729"
"GSE23597__GPL57018","GSM578730"
"GSE23597__GPL57019","GSM578731"
"GSE23597__GPL57020","GSM578732"
"GSE23597__GPL57021","GSM578733"
"GSE23597__GPL57022","GSM578734"
"GSE23597__GPL57023","GSM578735"
"GSE23597__GPL57024","GSM578736"
"GSE23597__GPL57025","GSM578737"
"GSE23597__GPL57026","GSM578738"
"GSE23597__GPL57027","GSM578739"
"GSE23597__GPL57028","GSM578740"
"GSE23597__GPL57029","GSM578742"
"GSE23597__GPL57030","GSM578743"
"GSE23597__GPL57031","GSM578744"
"GSE23597__GPL57032","GSM578745"
"GSE23597__GPL57033","GSM578746"
"GSE23597__GPL57034","GSM578747"
"GSE23597__GPL57035","GSM578748"
"GSE23597__GPL57036","GSM578749"
"GSE23597__GPL57037","GSM578750"
"GSE23597__GPL57038","GSM578751"
"GSE23597__GPL57039","GSM578752"
"GSE23597__GPL57040","GSM578753"
"GSE23597__GPL57041","GSM578754"
"GSE23597__GPL57042","GSM578755"
"GSE23597__GPL57043","GSM578756"
"GSE23597__GPL57044","GSM578757"
"GSE23597__GPL57045","GSM578758"
"GSE23597__GPL57046","GSM578759"
"GSE23597__GPL57047","GSM578760"
"GSE23597__GPL57048","GSM578761"
"GSE23597__GPL57049","GSM578762"
"GSE23597__GPL57050","GSM578763"
"GSE23597__GPL57051","GSM578764"
"GSE23597__GPL57052","GSM578765"
"GSE23597__GPL57053","GSM578766"
"GSE23597__GPL57054","GSM578767"
"GSE23597__GPL57055","GSM578768"
"GSE23597__GPL57056","GSM578769"
"GSE23597__GPL57057","GSM578770"
"GSE23597__GPL57058","GSM578771"
"GSE23597__GPL57059","GSM578772"
"GSE23597__GPL57060","GSM578773"
"GSE23597__GPL57061","GSM578774"
"GSE23597__GPL57062","GSM578775"
"GSE23597__GPL57063","GSM578776"
"GSE23597__GPL57064","GSM578777"
"GSE23597__GPL57065","GSM578778"
"GSE23597__GPL57066","GSM578779"
"GSE23597__GPL57067","GSM578780"
"GSE23597__GPL57068","GSM578781"
"GSE23597__GPL57069","GSM578782"
"GSE23597__GPL57070","GSM578783"
"GSE23597__GPL57071","GSM578784"
"GSE23597__GPL57072","GSM578785"
"GSE23597__GPL57073","GSM578786"
"GSE23597__GPL57074","GSM578787"
"GSE23597__GPL57075","GSM578788"
"GSE23597__GPL57076","GSM578789"
"GSE23597__GPL57077","GSM578790"
"GSE23597__GPL57078","GSM578791"
"GSE23597__GPL57079","GSM578792"
"GSE23597__GPL57080","GSM578793"
"GSE23597__GPL57081","GSM578794"
"GSE23597__GPL57082","GSM578795"
"GSE23597__GPL57083","GSM578796"
"GSE23597__GPL57084","GSM578797"
"GSE23597__GPL57085","GSM578798"
"GSE23597__GPL57086","GSM578799"
"GSE23597__GPL57087","GSM578800"
"GSE23597__GPL57088","GSM578801"
"GSE23597__GPL57089","GSM578802"
"GSE23597__GPL57090","GSM578803"
"GSE23597__GPL57091","GSM578804"
"GSE23597__GPL57092","GSM578805"
"GSE23597__GPL57093","GSM578806"
"GSE23597__GPL57094","GSM578807"
"GSE23597__GPL57095","GSM578808"
"GSE23597__GPL57096","GSM578809"
"GSE23597__GPL57097","GSM578810"
"GSE23597__GPL57098","GSM578811"
"GSE23597__GPL57099","GSM578812"
"GSE23597__GPL570100","GSM578813"
"GSE23597__GPL570101","GSM578814"
"GSE23597__GPL570102","GSM578815"
"GSE23597__GPL570103","GSM578816"
"GSE23597__GPL570104","GSM578817"
"GSE23597__GPL570105","GSM578818"
"GSE23597__GPL570106","GSM578819"
"GSE23597__GPL570107","GSM578820"
"GSE23597__GPL570108","GSM578821"
"GSE23597__GPL570109","GSM578822"
"GSE23597__GPL570110","GSM578823"
"GSE23597__GPL570111","GSM578824"
"GSE23597__GPL570112","GSM578825"
"GSE47908__GPL5701","GSM1162248"
"GSE47908__GPL5702","GSM1162249"
"GSE47908__GPL5703","GSM1162250"
"GSE47908__GPL5704","GSM1162251"
"GSE47908__GPL5705","GSM1162252"
"GSE47908__GPL5706","GSM1162253"
"GSE47908__GPL5707","GSM1162254"
"GSE47908__GPL5708","GSM1162255"
"GSE47908__GPL5709","GSM1162256"
"GSE47908__GPL57010","GSM1162257"
"GSE47908__GPL57011","GSM1162258"
"GSE47908__GPL57012","GSM1162259"
"GSE47908__GPL57013","GSM1162260"
"GSE47908__GPL57014","GSM1162261"
"GSE47908__GPL57015","GSM1162262"
"GSE47908__GPL57016","GSM1162263"
"GSE47908__GPL57017","GSM1162264"
"GSE47908__GPL57018","GSM1162265"
"GSE47908__GPL57019","GSM1162266"
"GSE47908__GPL57020","GSM1162267"
"GSE66407__GPL136671","GSM1621607"
"GSE66407__GPL136672","GSM1621624"
"GSE66407__GPL136673","GSM1621627"
"GSE66407__GPL136674","GSM1621633"
"GSE66407__GPL136675","GSM1621642"
"GSE66407__GPL136676","GSM1621654"
"GSE66407__GPL136677","GSM1621663"
"GSE66407__GPL136678","GSM1621669"
"GSE66407__GPL136679","GSM1621691"
"GSE66407__GPL1366710","GSM1621698"
"GSE66407__GPL1366711","GSM1621703"
"GSE66407__GPL1366712","GSM1621704"
"GSE66407__GPL1366713","GSM1621708"
"GSE66407__GPL1366714","GSM1621716"
"GSE66407__GPL1366715","GSM1621719"
"GSE66407__GPL1366716","GSM1621733"
"GSE66407__GPL1366717","GSM1621734"
"GSE66407__GPL1366718","GSM1621742"
"GSE66407__GPL1366719","GSM1621747"
"GSE66407__GPL1366720","GSM1621773"
"GSE66407__GPL1366721","GSM1621785"
"GSE66407__GPL1366722","GSM1621786"
"GSE66407__GPL1366723","GSM1621798"
"GSE66407__GPL1366724","GSM1621816"
"GSE66407__GPL1366725","GSM1621848"
"GSE66407__GPL1366726","GSM1621856"
"GSE66407__GPL1366727","GSM1621857"
"GSE66407__GPL1366728","GSM1621861"
"GSE66407__GPL1366729","GSM1621867"
"GSE66407__GPL1366730","GSM1621876"
"GSE66407__GPL1366731","GSM1621884"
"GSE66407__GPL1366732","GSM1621885"
"GSE66407__GPL1366733","GSM1621899"
"GSE66407__GPL1366734","GSM1621914"
"GSE66407__GPL1366735","GSM1621915"
"GSE66407__GPL1366736","GSM1621917"
"GSE66407__GPL1366737","GSM1621923"
"GSE66407__GPL1366738","GSM1621928"
"GSE66407__GPL1366739","GSM1621931"
"GSE66407__GPL1366740","GSM1621941"
"GSE72819__rnaseq1","SRR2313973"
"GSE72819__rnaseq2","SRR2313974"
"GSE72819__rnaseq3","SRR2313983"
"GSE72819__rnaseq4","SRR2313984"
"GSE72819__rnaseq5","SRR2313985"
"GSE72819__rnaseq6","SRR2313986"
"GSE72819__rnaseq7","SRR2313987"
"GSE72819__rnaseq8","SRR2313988"
"GSE72819__rnaseq9","SRR2313989"
"GSE72819__rnaseq10","SRR2313990"
"GSE72819__rnaseq11","SRR2313991"
"GSE72819__rnaseq12","SRR2313992"
"GSE72819__rnaseq13","SRR2313975"
"GSE72819__rnaseq14","SRR2313993"
"GSE72819__rnaseq15","SRR2313994"
"GSE72819__rnaseq16","SRR2313995"
"GSE72819__rnaseq17","SRR2313996"
"GSE72819__rnaseq18","SRR2313997"
"GSE72819__rnaseq19","SRR2313998"
"GSE72819__rnaseq20","SRR2313999"
"GSE72819__rnaseq21","SRR2314000"
"GSE72819__rnaseq22","SRR2314001"
"GSE72819__rnaseq23","SRR2314002"
"GSE72819__rnaseq24","SRR2313976"
"GSE72819__rnaseq25","SRR2314003"
"GSE72819__rnaseq26","SRR2314004"
"GSE72819__rnaseq27","SRR2314005"
"GSE72819__rnaseq28","SRR2314006"
"GSE72819__rnaseq29","SRR2314007"
"GSE72819__rnaseq30","SRR2314008"
"GSE72819__rnaseq31","SRR2314009"
"GSE72819__rnaseq32","SRR2314010"
"GSE72819__rnaseq33","SRR2314011"
"GSE72819__rnaseq34","SRR2314012"
"GSE72819__rnaseq35","SRR2313977"
"GSE72819__rnaseq36","SRR2314013"
"GSE72819__rnaseq37","SRR2314014"
"GSE72819__rnaseq38","SRR2314015"
"GSE72819__rnaseq39","SRR2314016"
"GSE72819__rnaseq40","SRR2314017"
"GSE72819__rnaseq41","SRR2314018"
"GSE72819__rnaseq42","SRR2314019"
"GSE72819__rnaseq43","SRR2314020"
"GSE72819__rnaseq44","SRR2314021"
"GSE72819__rnaseq45","SRR2314022"
"GSE72819__rnaseq46","SRR2313978"
"GSE72819__rnaseq47","SRR2314023"
"GSE72819__rnaseq48","SRR2314024"
"GSE72819__rnaseq49","SRR2314025"
"GSE72819__rnaseq50","SRR2314026"
"GSE72819__rnaseq51","SRR2314027"
"GSE72819__rnaseq52","SRR2314028"
"GSE72819__rnaseq53","SRR2314029"
"GSE72819__rnaseq54","SRR2314030"
"GSE72819__rnaseq55","SRR2314031"
"GSE72819__rnaseq56","SRR2314032"
"GSE72819__rnaseq57","SRR2313979"
"GSE72819__rnaseq58","SRR2314033"
"GSE72819__rnaseq59","SRR2314034"
"GSE72819__rnaseq60","SRR2314035"
"GSE72819__rnaseq61","SRR2314036"
"GSE72819__rnaseq62","SRR2314037"
"GSE72819__rnaseq63","SRR2314038"
"GSE72819__rnaseq64","SRR2314039"
"GSE72819__rnaseq65","SRR2314040"
"GSE72819__rnaseq66","SRR2314041"
"GSE72819__rnaseq67","SRR2314042"
"GSE72819__rnaseq68","SRR2313980"
"GSE72819__rnaseq69","SRR2314043"
"GSE72819__rnaseq70","SRR2314044"
"GSE72819__rnaseq71","SRR2314045"
"GSE72819__rnaseq72","SRR2313981"
"GSE72819__rnaseq73","SRR2313982"
"GSE75214__GPL62441","GSM1426090"
"GSE75214__GPL62442","GSM1426091"
"GSE75214__GPL62443","GSM1426092"
"GSE75214__GPL62444","GSM1426093"
"GSE75214__GPL62445","GSM1426094"
"GSE75214__GPL62446","GSM1426095"
"GSE75214__GPL62447","GSM1426096"
"GSE75214__GPL62448","GSM1426097"
"GSE75214__GPL62449","GSM1426098"
"GSE75214__GPL624410","GSM1426099"
"GSE75214__GPL624411","GSM1426100"
"GSE75214__GPL624412","GSM1426101"
"GSE75214__GPL624413","GSM1426102"
"GSE75214__GPL624414","GSM1426103"
"GSE75214__GPL624415","GSM1426104"
"GSE75214__GPL624416","GSM1426105"
"GSE75214__GPL624417","GSM1426106"
"GSE75214__GPL624418","GSM1426107"
"GSE75214__GPL624419","GSM1426108"
"GSE75214__GPL624420","GSM1426109"
"GSE75214__GPL624421","GSM1426110"
"GSE75214__GPL624422","GSM1426111"
"GSE75214__GPL624423","GSM1426112"
"GSE75214__GPL624424","GSM1426113"
"GSE75214__GPL624425","GSM1426114"
"GSE75214__GPL624426","GSM1426115"
"GSE75214__GPL624427","GSM1426116"
"GSE75214__GPL624428","GSM1426117"
"GSE75214__GPL624429","GSM1426118"
"GSE75214__GPL624430","GSM1426119"
"GSE75214__GPL624431","GSM1426120"
"GSE75214__GPL624432","GSM1426121"
"GSE75214__GPL624433","GSM1426122"
"GSE75214__GPL624434","GSM1426123"
"GSE75214__GPL624435","GSM1426124"
"GSE75214__GPL624436","GSM1426125"
"GSE75214__GPL624437","GSM1426126"
"GSE75214__GPL624438","GSM1426127"
"GSE75214__GPL624439","GSM1426128"
"GSE75214__GPL624440","GSM1426129"
"GSE75214__GPL624441","GSM1426130"
"GSE75214__GPL624442","GSM1426131"
"GSE75214__GPL624443","GSM1426132"
"GSE75214__GPL624444","GSM1426133"
"GSE75214__GPL624445","GSM1426134"
"GSE75214__GPL624446","GSM1426135"
"GSE75214__GPL624447","GSM1426136"
"GSE75214__GPL624448","GSM1426137"
"GSE75214__GPL624449","GSM1426138"
"GSE75214__GPL624450","GSM1426139"
"GSE75214__GPL624451","GSM1426140"
"GSE75214__GPL624452","GSM1426141"
"GSE75214__GPL624453","GSM1426142"
"GSE75214__GPL624454","GSM1426143"
"GSE75214__GPL624455","GSM1426144"
"GSE75214__GPL624456","GSM1426145"
"GSE75214__GPL624457","GSM1426146"
"GSE75214__GPL624458","GSM1426147"
"GSE75214__GPL624459","GSM1426148"
"GSE75214__GPL624460","GSM1426149"
"GSE75214__GPL624461","GSM1426150"
"GSE75214__GPL624462","GSM1426151"
"GSE75214__GPL624463","GSM1426152"
"GSE75214__GPL624464","GSM1426153"
"GSE75214__GPL624465","GSM1426154"
"GSE75214__GPL624466","GSM1426155"
"GSE75214__GPL624467","GSM1426156"
"GSE75214__GPL624468","GSM1426157"
"GSE75214__GPL624469","GSM1426158"
"GSE75214__GPL624470","GSM1426159"
"GSE75214__GPL624471","GSM1426160"
"GSE75214__GPL624472","GSM1426161"
"GSE75214__GPL624473","GSM1426162"
"GSE75214__GPL624474","GSM1426163"
"GSE83687__rnaseq1","GSM2212625"
"GSE83687__rnaseq2","GSM2212628"
"GSE83687__rnaseq3","GSM2212640"
"GSE83687__rnaseq4","GSM2212641"
"GSE83687__rnaseq5","GSM2212642"
"GSE83687__rnaseq6","GSM2212650"
"GSE83687__rnaseq7","GSM2212651"
"GSE83687__rnaseq8","GSM2212653"
"GSE83687__rnaseq9","GSM2212656"
"GSE83687__rnaseq10","GSM2212665"
"GSE83687__rnaseq11","GSM2212686"
"GSE83687__rnaseq12","GSM2212687"
"GSE83687__rnaseq13","GSM2212697"
"GSE83687__rnaseq14","GSM2212700"
"GSE83687__rnaseq15","GSM2212705"
"GSE83687__rnaseq16","GSM2212706"
"GSE83687__rnaseq17","GSM2212712"
"GSE83687__rnaseq18","GSM2212715"
"GSE83687__rnaseq19","GSM2212723"
"GSE83687__rnaseq20","GSM2212725"
"GSE83687__rnaseq21","GSM2212728"
"GSE83687__rnaseq22","GSM2212736"
"GSE83687__rnaseq23","GSM2212740"
"GSE83687__rnaseq24","GSM2212744"
"GSE83687__rnaseq25","GSM2212748"
"GSE92415__GPL131581","GSM2429346"
"GSE92415__GPL131582","GSM2429347"
"GSE92415__GPL131583","GSM2429348"
"GSE92415__GPL131584","GSM2429349"
"GSE92415__GPL131585","GSM2429350"
"GSE92415__GPL131586","GSM2429351"
"GSE92415__GPL131587","GSM2429352"
"GSE92415__GPL131588","GSM2429353"
"GSE92415__GPL131589","GSM2429354"
"GSE92415__GPL1315810","GSM2429355"
"GSE92415__GPL1315811","GSM2429356"
"GSE92415__GPL1315812","GSM2429357"
"GSE92415__GPL1315813","GSM2429358"
"GSE92415__GPL1315814","GSM2429359"
"GSE92415__GPL1315815","GSM2429360"
"GSE92415__GPL1315816","GSM2429361"
"GSE92415__GPL1315817","GSM2429362"
"GSE92415__GPL1315818","GSM2429363"
"GSE92415__GPL1315819","GSM2429364"
"GSE92415__GPL1315820","GSM2429365"
"GSE92415__GPL1315821","GSM2429366"
"GSE92415__GPL1315822","GSM2429367"
"GSE92415__GPL1315823","GSM2429368"
"GSE92415__GPL1315824","GSM2429369"
"GSE92415__GPL1315825","GSM2429370"
"GSE92415__GPL1315826","GSM2429371"
"GSE92415__GPL1315827","GSM2429372"
"GSE92415__GPL1315828","GSM2429373"
"GSE92415__GPL1315829","GSM2429374"
"GSE92415__GPL1315830","GSM2429375"
"GSE92415__GPL1315831","GSM2429376"
"GSE92415__GPL1315832","GSM2429377"
"GSE92415__GPL1315833","GSM2429378"
"GSE92415__GPL1315834","GSM2429379"
"GSE92415__GPL1315835","GSM2429380"
"GSE92415__GPL1315836","GSM2429381"
"GSE92415__GPL1315837","GSM2429382"
"GSE92415__GPL1315838","GSM2429383"
"GSE92415__GPL1315839","GSM2429384"
"GSE92415__GPL1315840","GSM2429385"
"GSE92415__GPL1315841","GSM2429386"
"GSE92415__GPL1315842","GSM2429387"
"GSE92415__GPL1315843","GSM2429388"
"GSE92415__GPL1315844","GSM2429389"
"GSE92415__GPL1315845","GSM2429390"
"GSE92415__GPL1315846","GSM2429391"
"GSE92415__GPL1315847","GSM2429392"
"GSE92415__GPL1315848","GSM2429393"
"GSE92415__GPL1315849","GSM2429394"
"GSE92415__GPL1315850","GSM2429395"
"GSE92415__GPL1315851","GSM2429396"
"GSE92415__GPL1315852","GSM2429397"
"GSE92415__GPL1315853","GSM2429398"
"GSE92415__GPL1315854","GSM2429399"
"GSE92415__GPL1315855","GSM2429400"
"GSE92415__GPL1315856","GSM2429401"
"GSE92415__GPL1315857","GSM2429402"
"GSE92415__GPL1315858","GSM2429403"
"GSE92415__GPL1315859","GSM2429404"
"GSE92415__GPL1315860","GSM2429405"
"GSE92415__GPL1315861","GSM2429406"
"GSE92415__GPL1315862","GSM2429407"
"GSE92415__GPL1315863","GSM2429408"
"GSE92415__GPL1315864","GSM2429409"
"GSE92415__GPL1315865","GSM2429410"
"GSE92415__GPL1315866","GSM2429411"
"GSE92415__GPL1315867","GSM2429412"
"GSE92415__GPL1315868","GSM2429413"
"GSE92415__GPL1315869","GSM2429414"
"GSE92415__GPL1315870","GSM2429415"
"GSE92415__GPL1315871","GSM2429416"
"GSE92415__GPL1315872","GSM2429417"
"GSE92415__GPL1315873","GSM2429418"
"GSE92415__GPL1315874","GSM2429419"
"GSE92415__GPL1315875","GSM2429420"
"GSE92415__GPL1315876","GSM2429421"
"GSE92415__GPL1315877","GSM2429422"
"GSE92415__GPL1315878","GSM2429423"
"GSE92415__GPL1315879","GSM2429424"
"GSE92415__GPL1315880","GSM2429425"
"GSE92415__GPL1315881","GSM2429426"
"GSE92415__GPL1315882","GSM2429427"
"GSE92415__GPL1315883","GSM2429428"
"GSE92415__GPL1315884","GSM2429429"
"GSE92415__GPL1315885","GSM2429430"
"GSE92415__GPL1315886","GSM2429431"
"GSE92415__GPL1315887","GSM2429432"
"GSE92415__GPL1315888","GSM2429433"
"GSE92415__GPL1315889","GSM2429434"
"GSE92415__GPL1315890","GSM2429435"
"GSE92415__GPL1315891","GSM2429436"
"GSE92415__GPL1315892","GSM2429437"
"GSE92415__GPL1315893","GSM2429438"
"GSE92415__GPL1315894","GSM2429439"
"GSE92415__GPL1315895","GSM2429440"
"GSE92415__GPL1315896","GSM2429441"
"GSE92415__GPL1315897","GSM2429442"
"GSE92415__GPL1315898","GSM2429443"
"GSE92415__GPL1315899","GSM2429444"
"GSE92415__GPL13158100","GSM2429445"
"GSE92415__GPL13158101","GSM2429446"
"GSE92415__GPL13158102","GSM2429447"
"GSE92415__GPL13158103","GSM2429448"
"GSE92415__GPL13158104","GSM2429449"
"GSE92415__GPL13158105","GSM2429450"
"GSE92415__GPL13158106","GSM2429451"
"GSE92415__GPL13158107","GSM2429452"
"GSE92415__GPL13158108","GSM2429453"
"GSE92415__GPL13158109","GSM2429454"
"GSE92415__GPL13158110","GSM2429476"
"GSE92415__GPL13158111","GSM2429477"
"GSE92415__GPL13158112","GSM2429478"
"GSE92415__GPL13158113","GSM2429479"
"GSE92415__GPL13158114","GSM2429480"
"GSE92415__GPL13158115","GSM2429481"
"GSE92415__GPL13158116","GSM2429482"
"GSE92415__GPL13158117","GSM2429483"
"GSE92415__GPL13158118","GSM2429484"
"GSE92415__GPL13158119","GSM2429485"
"GSE92415__GPL13158120","GSM2429486"
"GSE92415__GPL13158121","GSM2429487"
"GSE92415__GPL13158122","GSM2429488"
"GSE92415__GPL13158123","GSM2429489"
"GSE92415__GPL13158124","GSM2429490"
"GSE92415__GPL13158125","GSM2429491"
"GSE92415__GPL13158126","GSM2429492"
"GSE92415__GPL13158127","GSM2429493"
"GSE92415__GPL13158128","GSM2429494"
"GSE92415__GPL13158129","GSM2429495"
"GSE92415__GPL13158130","GSM2429496"
"GSE92415__GPL13158131","GSM2429497"
"GSE92415__GPL13158132","GSM2429498"
"GSE92415__GPL13158133","GSM2429499"
"GSE92415__GPL13158134","GSM2429500"
"GSE92415__GPL13158135","GSM2429501"
"GSE92415__GPL13158136","GSM2429502"
"GSE92415__GPL13158137","GSM2429503"
"GSE92415__GPL13158138","GSM2429504"
"GSE92415__GPL13158139","GSM2429505"
"GSE92415__GPL13158140","GSM2429506"
"GSE92415__GPL13158141","GSM2429507"
"GSE92415__GPL13158142","GSM2429508"
"GSE92415__GPL13158143","GSM2429509"
"GSE92415__GPL13158144","GSM2429510"
"GSE92415__GPL13158145","GSM2429511"
"GSE92415__GPL13158146","GSM2429512"
"GSE92415__GPL13158147","GSM2429513"
"GSE92415__GPL13158148","GSM2429514"
"GSE92415__GPL13158149","GSM2429515"
"GSE92415__GPL13158150","GSM2429516"
"GSE92415__GPL13158151","GSM2429517"
"GSE92415__GPL13158152","GSM2429518"
"GSE92415__GPL13158153","GSM2429519"
"GSE92415__GPL13158154","GSM2429520"
"GSE92415__GPL13158155","GSM2429521"
"GSE92415__GPL13158156","GSM2429522"
"GSE92415__GPL13158157","GSM2429523"
"GSE92415__GPL13158158","GSM2429524"
"GSE92415__GPL13158159","GSM2429525"
"GSE92415__GPL13158160","GSM2429526"
"GSE92415__GPL13158161","GSM2429527"
"GSE92415__GPL13158162","GSM2429528"
"E-MTAB-184","E-MTAB-184"
"E-MTAB-2967","E-MTAB-2967"
"E-MTAB-7604__rnaseq","E-MTAB-7604"
"E-MTAB-7845__rnaseq","E-MTAB-7845"
"GSE16879__GPL570","GSE16879"
"GSE174159__rnaseq","GSE174159"
"GSE193677__GPL16791","GSE193677"
"GSE206171__GPL13667","GSE206171"
"GSE206285__GPL13158","GSE206285"
"GSE23597__GPL570","GSE23597"
"GSE47908__GPL570","GSE47908"
"GSE66407__GPL13667","GSE66407"
"GSE72819__rnaseq","GSE72819"
"GSE75214__GPL6244","GSE75214"
"GSE83687__rnaseq","GSE83687"
"GSE92415__GPL13158","GSE92415"
